2021-03-25 23:22 ~ spicok izvestnostei ~ False,
2021-03-29 23:27 ~ arianagrande ~ False,
2021-03-29 23:27 ~ beyonce ~ False,
2021-03-29 23:27 ~ cristiano ~ False,
2021-03-29 23:27 ~ kimkardashian ~ False,
2021-03-29 23:27 ~ neymarjr ~ False,
2021-03-29 23:27 ~ selenagomez ~ False,
2021-03-29 23:32 ~ selenagomez ~ False,
2021-03-29 23:33 ~ therock ~ False,
2021-03-29 23:33 ~ kyliejenner ~ False,
2021-03-29 23:33 ~ neymarjr ~ False,
2021-03-29 23:33 ~ leomessi ~ False,
2021-03-29 23:33 ~ kimkardashian ~ False,
2021-03-29 23:33 ~ beyonce ~ False,
2021-03-29 23:33 ~ cristiano ~ False,
2021-03-29 23:33 ~ arianagrande ~ False,
